{
  "$schema": "https://schema.management.azure.com/schemas/2019-04-01/deploymentParameters.json#",
  "contentVersion": "1.0.0.0",
  "parameters": {
    "adminUsername": {
      "value": "GEN-UNIQUE"
    },
    "adminPassword": {
      "value": "GEN-PASSWORD"
    },
    "sshPublicKey": {
      "value": "GEN-SSH-PUB-KEY"
    },
    "_artifactsLocation":{
      "value": "https://mysgelasticsearch.blob.core.windows.net/artifacts/elasticsearch-centos-install.sh"
    },
    "_artifactsLocationSasToken":{
      "value": "https://mysgelasticsearch.blob.core.windows.net/artifacts/elasticsearch-centos-install.sh?sp=r&st=2023-01-15T05:40:16Z&se=2023-01-15T13:40:16Z&spr=https&sv=2021-06-08&sr=b&sig=KrmKxthB9effvKI33RPCQS1MVPfBRZW8xhtQMFjLtNg%3D"
    }
  }
}
