{
  "$schema": "https://aka.ms/azure-quickstart-templates-metadata-schema#",
  "type": "QuickStart",
  "itemDisplayName": "Install Elasticsearch cluster on Virtual Machines",
  "description": "This template deploys an Elasticsearch cluster on Virtual Machines using linked templates. The template provisions 3 dedicated master nodes, with an optional number of client and data nodes, which are placed in separate availability sets and storage accounts. The template also provides the option of deploying a standalone Marvel cluster.",
  "summary": "Provision an Elasticsearch cluster on Virtual Machines",
  "githubUsername": "trentmswanson",
  "dateUpdated": "2021-07-20",
  "environments": [
    "AzureCloud"
  ]
}