{
  "$schema": "https://schema.management.azure.com/schemas/2019-04-01/deploymentTemplate.json#",
  "contentVersion": "1.0.0.0",
  "parameters": {
    "namespace": {
      "type": "string",
      "defaultValue": "kibana",
      "metadata": {
        "description": "The namespace prefix for resources created by this template"
      }
    },
    "subnet": {
      "type": "object",
      "metadata": {
        "description": "Subnet object for provisioning resources in (expects properties name as the subnet name, and vnet as the virtual network name on the object)"
      }
    },
    "adminUsername": {
      "type": "string",
      "metadata": {
        "description": "Administrator user name used when provisioning virtual machines"
      }
    },
    "authSet": {
      "type": "object",
      "metadata": {
        "description": "Authentication information"
      }
    },
    "osSettings": {
      "type": "object",
      "metadata": {
        "description": "Platform and OS settings"
      }
    },
    "vmSize": {
      "type": "string",
      "defaultValue": "Standard_D2_v3",
      "metadata": {
        "description": "Jump box VM size"
      }
    },
    "location": {
      "type": "string",
      "metadata": {
        "description": "Location for all resources."
      }
    }
  },
  "variables": {
    "subnetRef": "[resourceId('Microsoft.Network/virtualNetworks/subnets', parameters('subnet').vnet, parameters('subnet').name)]",
    "vmName": "[concat(parameters('namespace'), '-vm')]",
    "publicIpName": "[concat(parameters('namespace'), '-pip')]",
    "securityGroupName": "[concat(parameters('namespace'), '-nsg')]",
    "nicName": "[concat(parameters('namespace'), '-nic')]"
  },
  "resources": [
    {
      "apiVersion": "2020-05-01",
      "type": "Microsoft.Network/networkSecurityGroups",
      "name": "[variables('securityGroupName')]",
      "location": "[parameters('location')]",
      "properties": {
        "securityRules": [
          {
            "name": "SSH",
            "properties": {
              "description": "Allows inbound SSH traffic from anyone",
              "protocol": "Tcp",
              "sourcePortRange": "[parameters('osSettings').managementPort]",
              "destinationPortRange": "[parameters('osSettings').managementPort]",
              "sourceAddressPrefix": "*",
              "destinationAddressPrefix": "*",
              "access": "Allow",
              "priority": 100,
              "direction": "Inbound"
            }
          },
          {
            "name": "Kibana",
            "properties": {
              "description": "Allows inbound Kibana HTTP traffic from anyone",
              "protocol": "Tcp",
              "sourcePortRange": "5601",
              "destinationPortRange": "5601",
              "sourceAddressPrefix": "*",
              "destinationAddressPrefix": "*",
              "access": "Allow",
              "priority": 200,
              "direction": "Inbound"
            }
          }
        ]
      }
    },
    {
      "apiVersion": "2020-05-01",
      "type": "Microsoft.Network/publicIPAddresses",
      "name": "[variables('publicIpName')]",
      "location": "[parameters('location')]",
      "properties": {
        "publicIPAllocationMethod": "Static"
      }
    },
    {
      "apiVersion": "2020-05-01",
      "type": "Microsoft.Network/networkInterfaces",
      "name": "[variables('nicName')]",
      "location": "[parameters('location')]",
      "dependsOn": [
        "[resourceId('Microsoft.Network/publicIPAddresses', variables('publicIpName'))]",
        "[resourceId('Microsoft.Network/networkSecurityGroups', variables('securityGroupName'))]"
      ],
      "properties": {
        "networkSecurityGroup": {
          "id": "[resourceId('Microsoft.Network/networkSecurityGroups', variables('securityGroupName'))]"
        },
        "ipConfigurations": [
          {
            "name": "ipconfig1",
            "properties": {
              "privateIPAllocationMethod": "Dynamic",
              "publicIPAddress": {
                "id": "[resourceId('Microsoft.Network/publicIPAddresses', variables('publicIpName'))]"
              },
              "subnet": {
                "id": "[variables('subnetRef')]"
              }
            }
          }
        ]
      }
    },
    {
      "apiVersion": "2020-12-01",
      "type": "Microsoft.Compute/virtualMachines",
      "name": "[variables('vmName')]",
      "location": "[parameters('location')]",
      "dependsOn": [
        "[resourceId('Microsoft.Network/networkInterfaces', variables('nicName'))]"
      ],
      "properties": {
        "hardwareProfile": {
          "vmSize": "[parameters('vmSize')]"
        },
        "osProfile": {
          "computerName": "kibana",
          "adminUsername": "[parameters('adminUsername')]",
          "adminPassword": "[parameters('authSet').password]",
          "linuxConfiguration": "[parameters('osSettings').linuxConfiguration]"
        },
        "storageProfile": {
          "imageReference": "[parameters('osSettings').imageReference]",
          "osDisk": {
            "name": "[concat(variables('vmName'),'_OSDisk')]",
            "caching": "ReadWrite",
            "createOption": "FromImage"
          }
        },
        "networkProfile": {
          "networkInterfaces": [
            {
              "id": "[resourceId('Microsoft.Network/networkInterfaces', variables('nicName'))]"
            }
          ]
        }
      },
      "resources": [
        {
          "type": "extensions",
          "name": "installkibana",
          "apiVersion": "2020-12-01",
          "location": "[parameters('location')]",
          "dependsOn": [
            "[resourceId('Microsoft.Compute/virtualMachines', variables('vmName'))]"
          ],
          "properties": "[parameters('osSettings').extensionSettings.kibana]"
        }
      ]
    }
  ],
  "outputs": {
    "kibana-url": {
      "type": "string",
      "value": "[concat('http://', reference(resourceId('Microsoft.Network/publicIPAddresses', variables('publicIpName'))).ipAddress, ':5601')]"
    },
    "kibana-ip": {
      "type": "string",
      "value": "[reference(resourceId('Microsoft.Network/publicIPAddresses', variables('publicIpName'))).ipAddress]"
    }
  }
}
